{
    "loss": 3.128187894821167,
    "accuracy": 0.8179855823516846
}